a0d61000000OEEfAAO;Perfume;Hygiene
a0d61000000OEEeAAO;Makeup;Hygiene
a0d61000000OEFfAAO;Asset Types - (General);Beverages
a0d61000000OEFXAA4;Cosmetics;Hygiene
a0d61000000OEBfAAO;Bottle BIG;Beverages
a0d61000000OEBgAAO;Bottle Std.;Beverages
a0d61000000OEBhAAO;Bottle Small;Beverages
a0d61000000OEBiAAO;1.0 L PET;Beverages
a0d61000000OEBjAAO;1.5 L PET;Beverages
a0d61000000OEBkAAO;Glass;Beverages
a0d61000000OEBlAAO;1.5 L RCL;Beverages
a0d61000000OEBmAAO;Snack;Beverages
a0d61000000OEBnAAO;Misc;Beverages
a0d61000000OECPAA4;Mini Refg;Beverages
a0d61000000OECGAA4;Super Cookie - Red;Snacks
a0d61000000OECEAA4;Super Cookie - Brown;Snacks
a0d61000000OECcAAO;LC Crispy White Wafer;Snacks
a0d61000000OEDSAA4;*Cranberry Dash;Beverages
a0d61000000OEG3AAO;Confectionery & Candy;Snacks
a0d61000000OEB6AAO;Crate 1,0 L PET Bottles Red;Beverages
a0d61000000OEAoAAO;Refrig. #80;Beverages
a0d61000000OEApAAO;Refrig. #81;Beverages
a0d61000000OEAqAAO;*Refrig. #82;Beverages
a0d61000000OEArAAO;Refrige. Box #MC;Beverages
a0d61000000OEAsAAO;Dispense Equ. Exclusive_4;Beverages
a0d61000000OEAuAAO;Umbrella Small (1m);Beverages
a0d61000000OEAvAAO;Umbrella Big with Metal Foot (3.5m);Beverages
a0d61000000OEAwAAO;Table (wood);Beverages
a0d61000000OEAxAAO;Settee (Wood);Beverages
a0d61000000OEAyAAO;Concession Van;Beverages
a0d61000000OEAzAAO;Concession Trailer;Beverages
a0d61000000OEB0AAO;Unknown Competitor Cooler;Beverages
a0d61000000OEB1AAO;Case (10/1,5/R);Beverages
a0d61000000OEB2AAO;Empower Bottle 1,5;Beverages
a0d61000000OEB3AAO;1,5 L PET Bottle Standard;Beverages
a0d61000000OEB4AAO;1,0 L PET Bottle Standard;Beverages
a0d61000000OEB5AAO;0,5 L PET Bottle Standard;Beverages
a0d61000000OEB7AAO;Crate 0,5 L PET Bottles Red;Beverages
a0d61000000OEB8AAO;Crate 1,5 L PET Bottles Red;Beverages
a0d61000000OEB9AAO;Crate with 1,0 L PET Bottles Red;Beverages
a0d61000000OEBAAA4;Crate with 0,5 L PET Bottles Red;Beverages
a0d61000000OEBBAA4;Crate with 1,5 L PET Bottles Red;Beverages
a0d61000000OEBCAA4;Crate 0,33 L Glass Bottles Red;Beverages
a0d61000000OEBDAA4;0,33 L Glass Bottle Standard;Beverages
a0d61000000OEBEAA4;Crate with 0,33 L Glass Bottles Red;Beverages
a0d61000000OEBFAA4;1,5 L RCL Bottle Standard;Beverages
a0d61000000OEBGAA4;Crate 1,5 L RCL Bottles Red;Beverages
a0d61000000OEBHAA4;Crate with 1,5 L RCL Bottles Red;Beverages
a0d61000000OEBIAA4;Pallet;Beverages
a0d61000000OEBJAA4;Crate 1,5 L PET Bottles Green;Beverages
a0d61000000OEBKAA4;Crate with 1,5 L PET Bottles Green;Beverages
a0d61000000OEBLAA4;Gallon Blue;Beverages
a0d61000000OEBMAA4;Crate Gallon Blue;Beverages
a0d61000000OEBNAA4;Crate with Gallons;Beverages
a0d61000000OEBOAA4;CO² Tank (empty);Beverages
a0d61000000OEBPAA4;Syrup Tank 25 L;Beverages
a0d61000000OECRAA4;Bean Dip Org;Snacks
a0d61000000OEDMAA4;Lime Extreme;Beverages
a0d61000000OEDRAA4;Orange Flash;Beverages
a0d61000000OEErAAO;Upper Springs Sparkling;Beverages
a0d61000000OEEsAAO;Lower Springs Sparkling;Beverages
a0d61000000OEEtAAO;Upper Springs Medium;Beverages
a0d61000000OEEuAAO;Lower Springs Non-Carbonated;Beverages
a0d61000000OEEvAAO;Upper Springs Silence;Beverages
a0d61000000OEEwAAO;Empower Cola;Beverages
a0d61000000OEExAAO;Limella;Beverages
a0d61000000OEEyAAO;Flashy Drinks;Beverages
a0d61000000OEEzAAO;HiChoc Premium;Snacks
a0d61000000OEF0AAO;HiChoc Boxed Chocolates;Snacks
a0d61000000OEF1AAO;HiChoc Christmas;Snacks
a0d61000000OEF2AAO;ChocoLow Bars;Snacks
a0d61000000OEF3AAO;ChocoLow Boxed Chocolates;Snacks
a0d61000000OEF4AAO;ChocoLow Christmas;Snacks
a0d61000000OEF5AAO;HiChoc Core Bars;Snacks
a0d61000000OEF6AAO;HiChoc Bars With Nuts;Snacks
a0d61000000OEF7AAO;HiChoc Premium Cacao;Snacks
a0d61000000OEF8AAO;HiChoc Premium Limited Edition;Snacks
a0d61000000OEEqAAO;HiChoc White Bars;Snacks
a0d61000000OEF9AAO;HiChoc Single Variety Chocolates;Snacks
a0d61000000OEFAAA4;HiChoc Variety Chocolates;Snacks
a0d61000000OEFBAA4;ChocoLow Single Variety Chocolates;Snacks
a0d61000000OEFCAA4;ChocoLow Variety Chocolates;Snacks
a0d61000000OEFDAA4;ChocoLow White Bars;Snacks
a0d61000000OEFEAA4;ChocoLow Core Bars;Snacks
a0d61000000OEFFAA4;ChocoLow Bars With Nuts;Snacks
a0d61000000OEFGAA4;Limella PET Bottle;Beverages
a0d61000000OEEgAAO;HiChoc Bars;Snacks
a0d61000000OEEhAAO;Cookies;Snacks
a0d61000000OEEiAAO;Upples;Snacks
a0d61000000OEEjAAO;Lopples!;Snacks
a0d61000000OEEkAAO;Upples Crispy;Snacks
a0d61000000OEElAAO;Upples Cookie;Snacks
a0d61000000OEEmAAO;Lopples! Crispy;Snacks
a0d61000000OEEnAAO;Lopples! Cookie;Snacks
a0d61000000OEEoAAO;HiChoc;Snacks
a0d61000000OEEpAAO;ChocoLow;Snacks
a0d61000000OEFIAA4;Flashy Drinks PET Bottle;Beverages
a0d61000000OEFJAA4;Flashy Drinks Glass Bottle;Beverages
a0d61000000OEFKAA4;Upper Springs Sparkling Flavored PET Bottle;Beverages
a0d61000000OEFLAA4;Upper Springs Sparkling Flavored Glass Bottle;Beverages
a0d61000000OEFMAA4;Upper Springs Sparkling Without Flavor PET Bottle;Beverages
a0d61000000OEFNAA4;Upper Springs Sparkling Without Flavor Glass Bottle;Beverages
a0d61000000OEFOAA4;Upper Springs Medium PET Bottle;Beverages
a0d61000000OEFPAA4;Upper Springs Medium Glass Bottle;Beverages
a0d61000000OEFQAA4;Upper Springs Silence PET Bottle;Beverages
a0d61000000OEFRAA4;Upper Springs Silence Glass Bottle;Beverages
a0d61000000OEFSAA4;Upper Springs Silence Canned;Beverages
a0d61000000OEFTAA4;Lower Springs Sparkling Flavored PET Bottle;Beverages
a0d61000000OEFUAA4;Lower Springs Sparkling Without Flavor PET Bottle;Beverages
a0d61000000OEFVAA4;Lower Springs Non-Carbonated PET Bottle;Beverages
a0d61000000OEFWAA4;Lower Springs Non-Carbonated Canned;Beverages
a0d61000000OEFHAA4;Limella Glass Bottle;Beverages
a0d61000000OEFaAAO;Company Adv. Material;Beverages
a0d61000000OEFbAAO;Product Adv. Material;Beverages
a0d61000000OEFYAA4;Advertising Material;Beverages
a0d61000000OEFuAAO;Big Pizza;Frozen
a0d61000000OEFtAAO;Pizza Minis;Frozen
a0d61000000OEFwAAO;Vegetables & Fruits;Frozen
a0d61000000OEFxAAO;Fruits;Frozen
a0d61000000OEFyAAO;Beverages;Beverages
a0d61000000OEFzAAO;Soft Drinks;Beverages
a0d61000000OEG0AAO;Water;Beverages
a0d61000000OEG1AAO;Upper Springs;Beverages
a0d61000000OEG2AAO;Lower Springs;Beverages
a0d61000000OEG4AAO;Chocolate;Snacks
a0d61000000OEFcAAO;Caspro Adv. Material;Beverages
a0d61000000OEFdAAO;Beverages Adv. Material;Beverages
a0d61000000OEFeAAO;Cookies Adv. Material;Beverages
a0d61000000OEFgAAO;Empties;Beverages
a0d61000000OEFhAAO;Chips;Chips
a0d61000000OEFiAAO;Reduced Fat Chips;Chips
a0d61000000OEFjAAO;Tortilla Chips Light;Chips
a0d61000000OEFkAAO;Potato Chips Light;Chips
a0d61000000OEFlAAO;Original Chips;Chips
a0d61000000OEFmAAO;Tortilla Chips;Chips
a0d61000000OEFnAAO;Potato Chips;Chips
a0d61000000OEFoAAO;Frozen;Frozen
a0d61000000OEFpAAO;Pizza;Frozen
a0d61000000OEFqAAO;Cakes & Cream Tarts;Frozen
a0d61000000OEFrAAO;Cream Tarts;Frozen
a0d61000000OEFsAAO;Cakes;Frozen
a0d61000000OEFvAAO;Chips Specials;Chips
a0d61000000OEAXAA4;*Crispy Diet Cream Wafer;Snacks
a0d61000000OEAWAA4;Snow White;Snacks
a0d61000000OEAYAA4;Full Cream Cookie;Snacks
a0d61000000OEAZAA4;Crispy Caramel Wafer;Snacks
a0d61000000OEAbAAO;Crispy White Wafer;Snacks
a0d61000000OEAcAAO;LC Soft Cream Cookie;Snacks
a0d61000000OEAdAAO;Caspro Baseball Cap;Beverages
a0d61000000OEAfAAO;Empower Cola Baseball Cap;Beverages
a0d61000000OEAgAAO;Fruit Dash Poster;Beverages
a0d61000000OEAhAAO;Upples Golf Balls;Snacks
a0d61000000OEAiAAO;Upples Poster;Beverages
a0d61000000OEAjAAO;Limella Poster;Beverages
a0d61000000OEAkAAO;Empower Cola Poster;Beverages
a0d61000000OEAlAAO;Caspro Watch;Beverages
a0d61000000OEAeAAO;Flash Drinks Baseball Cap;Beverages
a0d61000000OEBQAA4;Lime Regular Syrup Tank 25 L;Beverages
a0d61000000OEBRAA4;Empower Cola Syrup Tank 25 L;Beverages
a0d61000000OEBSAA4;CO² Tank (full);Beverages
a0d61000000OEBTAA4;Medium Springs Gallon;Beverages
a0d61000000OEBUAA4;Medium Springs in Gallons;Beverages
a0d61000000OEBVAA4;Empower Cola 1,5 L RCL;Beverages
a0d61000000OEBWAA4;Empower Cola 0,33 L Glass;Beverages
a0d61000000OEBXAA4;Empower Cola 0,33 L Glass Bottle;Beverages
a0d61000000OEBYAA4;Empower Cola 1,5 L PET Bottle;Beverages
a0d61000000OEBZAA4;Empower Cola 1,0 L PET Bottle;Beverages
a0d61000000OEBaAAO;Empower Cola 0,5 L PET Bottle;Beverages
a0d61000000OEBbAAO;Empower Cola 1,0 L PET;Beverages
a0d61000000OEBcAAO;Empower Cola 0,5 L PET;Beverages
a0d61000000OEBdAAO;Empower Cherry Bottle 1,0 L PET;Beverages
a0d61000000OEBeAAO;Empower Cola 1,5 L PET;Beverages
a0d61000000OEBoAAO;Classic;Chips
a0d61000000OEBpAAO;Cheddar Cheese;Chips
a0d61000000OEBqAAO;Hot Chili;Chips
a0d61000000OEAaAAO;LC Crispy Diet Cream Wafer;Snacks
a0d61000000OEBrAAO;BBQ;Chips
a0d61000000OEBsAAO;Tomato;Chips
a0d61000000OEBtAAO;Sour Cream;Chips
a0d61000000OEBuAAO;Chile y Limón;Chips
a0d61000000OEBvAAO;Salt and Pepper;Chips
a0d61000000OEBwAAO;Wasabi;Chips
a0d61000000OEBxAAO;Pizza Margherita;Frozen
a0d61000000OEByAAO;Smoked Bacon;Chips
a0d61000000OEBzAAO;Sweet Chili;Chips
a0d61000000OEC0AAO;Chicken;Chips
a0d61000000OEC1AAO;Sour Cream and Onion XXL;Chips
a0d61000000OEC2AAO;Pizza Tonno;Frozen
a0d61000000OEC3AAO;Pizza Funghi;Frozen
a0d61000000OEC4AAO;Pizza Speciale;Frozen
a0d61000000OEC5AAO;Cream Tart Strawberry;Frozen
a0d61000000OEC6AAO;Cream Tart Chocolate;Frozen
a0d61000000OEC7AAO;Pizza Diavolini;Frozen
a0d61000000OEC8AAO;Ranch Dressing;Chips
a0d61000000OEC9AAO;Pizza Tonnolini;Frozen
a0d61000000OECAAA4;Heavenly Cake Caramel;Frozen
a0d61000000OECBAA4;Heavenly Cake Hazelnut;Frozen
a0d61000000OECCAA4;Shashlik XXL;Beverages
a0d61000000OECFAA4;Super Cookie - White;Snacks
a0d61000000OECHAA4;Super XL Cookie - Brown;Snacks
a0d61000000OECIAA4;Super XL Cookie - White;Snacks
a0d61000000OECJAA4;Super XL Cookie - Red;Snacks
a0d61000000OECKAA4;Strawberry;Frozen
a0d61000000OECLAA4;Raspberry;Frozen
a0d61000000OECMAA4;Blueberry;Frozen
a0d61000000OECNAA4;Kaki;Frozen
a0d61000000OECOAA4;Pineapple;Frozen
a0d61000000OECQAA4;Cheese Dip Med;Snacks
a0d61000000OECSAA4;Crispy Cream Wafer;Snacks
a0d61000000OECTAA4;Empower Cola Big;Beverages
a0d61000000OECUAA4;Empower Cherry;Beverages
a0d61000000OECVAA4;Empower Cherry Big;Beverages
a0d61000000OECWAA4;Empower Lemon;Beverages
a0d61000000OECdAAO;Snow White Big;Snacks
a0d61000000OECeAAO;Milky Bar;Snacks
a0d61000000OECfAAO;Full Cream;Snacks
a0d61000000OECgAAO;Full Cream Big;Snacks
a0d61000000OEChAAO;Diet Cream;Snacks
a0d61000000OECiAAO;Diet Cream Big;Snacks
a0d61000000OECjAAO;Plain Chocolate;Snacks
a0d61000000OECkAAO;Vanilla Yoghurt;Snacks
a0d61000000OEClAAO;Strawberry Yoghurt;Snacks
a0d61000000OECmAAO;Full Cream with Nuts;Snacks
a0d61000000OECnAAO;Full Cream with Nuts Big;Snacks
a0d61000000OECoAAO;Diet Cream with Nuts;Snacks
a0d61000000OECpAAO;Advent Calendar;Snacks
a0d61000000OECqAAO;Magic Moments;Snacks
a0d61000000OECrAAO;Marzipan;Snacks
a0d61000000OECsAAO;CL Advent Calendar;Snacks
a0d61000000OECtAAO;CL Marzipan;Snacks
a0d61000000OECuAAO;AlphaComp Crispy Diet Cream Wafer;Snacks
a0d61000000OECvAAO;AlphaComp Lo Crispy Diet Cream Wafer;Snacks
a0d61000000OECwAAO;AlphaComp Lo Full Cream Cookie;Snacks
a0d61000000OECxAAO;AlphaComp Milky Bar;Snacks
a0d61000000OECyAAO;AlphaComp Diet Cream;Snacks
a0d61000000OECzAAO;AlphaComp Diet Cream Big;Snacks
a0d61000000OED0AAO;AlphaComp Full Cream with Nuts;Snacks
a0d61000000OED1AAO;BetaComp Crispy Diet Cream Wafer;Snacks
a0d61000000OED2AAO;BetaComp Crispy White Wafer;Snacks
a0d61000000OED3AAO;BetaComp Full Cream Cookie;Snacks
a0d61000000OED5AAO;BetaComp White Chocolate Cookie;Snacks
a0d61000000OED6AAO;BetaComp Lo Crispy Diet Cream Wafer;Snacks
a0d61000000OED7AAO;BetaComp Lo Crispy White Wafer;Snacks
a0d61000000OED8AAO;BetaComp Lo Full Cream Cookie;Snacks
a0d61000000OED9AAO;BetaComp Full Cream Big;Snacks
a0d61000000OEDAAA4;BetaComp Strawberry Yoghurt;Snacks
a0d61000000OEDBAA4;BetaComp Strawberry Yoghurt Big;Snacks
a0d61000000OEDCAA4;BetaComp Full Cream with Nuts;Snacks
a0d61000000OEDDAA4;DeltaComp Strawberry Yoghurt;Snacks
a0d61000000OEDEAA4;GammaComp Crispy Diet Cream Wafer;Snacks
a0d61000000OEDFAA4;GammaComp Full Cream Cookie;Snacks
a0d61000000OED4AAO;BetaComp Diet Cream Cookie;Snacks
a0d61000000OEDGAA4;GammaComp Strawberry Yoghurt;Snacks
a0d61000000OEDHAA4;Lime Regular 1,5 L PET Bottle;Beverages
a0d61000000OEDIAA4;Lime Extreme PET S;Beverages
a0d61000000OEDJAA4;Lime Extreme PET;Beverages
a0d61000000OEDKAA4;Lime Regular;Beverages
a0d61000000OEDLAA4;Lime Extreme Small;Beverages
a0d61000000OEDNAA4;Cinnamon Special PET;Beverages
a0d61000000OEDOAA4;Red Grapes Flash PET;Beverages
a0d61000000OEDPAA4;Cinnamon Special;Beverages
a0d61000000OEDQAA4;Red Grapes Flash;Beverages
a0d61000000OEDUAA4;Apple Dash;Beverages
a0d61000000OEDVAA4;Orange Dash;Beverages
a0d61000000OEDWAA4;Upper Springs PET;Beverages
a0d61000000OEDXAA4;Upper Springs PET Big;Beverages
a0d61000000OEDYAA4;Upper Springs;Beverages
a0d61000000OEDZAA4;Medium Springs PET;Beverages
a0d61000000OEDaAAO;Medium Springs PET Big;Beverages
a0d61000000OEDbAAO;Medium Springs PET Extra Big;Beverages
a0d61000000OEDcAAO;Medium Springs;Beverages
a0d61000000OEDdAAO;Medium Springs Small;Beverages
a0d61000000OEDeAAO;Absolute Silence PET;Beverages
a0d61000000OEDfAAO;Absolute Silence;Beverages
a0d61000000OEDTAA4;Strawberry Dash;Beverages
a0d61000000OEDoAAO;Ecuador Cacao;Snacks
a0d61000000OEDpAAO;Special Dark;Snacks
a0d61000000OEDqAAO;Double Chocolate;Snacks
a0d61000000OEDrAAO;Nut Lovers;Snacks
a0d61000000OEDsAAO;Cappuccino;Snacks
a0d61000000OEDtAAO;Truffels Supreme;Snacks
a0d61000000OEDuAAO;Marzipan Supreme;Snacks
a0d61000000OEDvAAO;Full Cream Standard;Snacks
a0d61000000OEDwAAO;Eggnog Special;Snacks
a0d61000000OEDxAAO;Enjoy Diet;Snacks
a0d61000000OEDyAAO;Selection No.1;Snacks
a0d61000000OEDzAAO;Supreme Selection;Snacks
a0d61000000OEE0AAO;CL Milky Bar;Snacks
a0d61000000OEE1AAO;CL Full Cream;Snacks
a0d61000000OEE2AAO;CL Plain Chocolate;Snacks
a0d61000000OEE3AAO;CL Full Cream with Nuts;Snacks
a0d61000000OEE4AAO;CL Marzipan Supreme;Snacks
a0d61000000OEE5AAO;CL Full Cream Standard;Snacks
a0d61000000OEE6AAO;CL Selection No.1;Snacks
a0d61000000OEE7AAO;AlphaComp Lo Full Cream;Snacks
a0d61000000OEE8AAO;AlphaComp Still Water;Beverages
a0d61000000OEE9AAO;AlphaComp Canned Water;Beverages
a0d61000000OEEAAA4;AlphaComp Lo Apple Dash;Beverages
a0d61000000OEEBAA4;AlphaComp Lo Springs PET;Beverages
a0d61000000OEECAA4;AlphaComp Lo Still Water PET;Beverages
a0d61000000OEEDAA4;AlphaComp Lo Canned Water;Beverages
a0d61000000OEEEAA4;AlphaComp PET Big Medium Springs;Beverages
a0d61000000OEEFAA4;AlphaComp Medium Springs;Beverages
a0d61000000OEEGAA4;AlphaComp Still Water PET;Beverages
a0d61000000OECYAA4;Diet Cream Cookie;Snacks
a0d61000000OECZAA4;White Chocolate Cookie;Snacks
a0d61000000OECaAAO;Plain Chocolate Cookie;Snacks
a0d61000000OECbAAO;Strawberry Yoghurt Cookie;Snacks
a0d61000000OECXAA4;Empower Lemon Big;Beverages
a0d61000000OEEHAA4;AlphaComp Orange Dash;Beverages
a0d61000000OEEIAA4;AlphaComp PET Springs;Beverages
a0d61000000OEEJAA4;AlphaComp Springs;Beverages
a0d61000000OEEKAA4;BetaComp Lo Milky Bar;Snacks
a0d61000000OEELAA4;BetaComp Lo Full Cream;Snacks
a0d61000000OEEMAA4;BetaComp Still Water;Beverages
a0d61000000OEENAA4;BetaComp Lo Apple Dash;Beverages
a0d61000000OEEOAA4;BetaComp Lo Still Water PET;Beverages
a0d61000000OEEPAA4;BetaComp Medium Springs PET Big;Beverages
a0d61000000OEEQAA4;BetaComp Medium Springs;Beverages
a0d61000000OEERAA4;BetaComp Still Water PET;Beverages
a0d61000000OEESAA4;BetaComp Orange Dash;Beverages
a0d61000000OEETAA4;BetaComp Springs;Beverages
a0d61000000OEEUAA4;DeltaComp Lo Still Water PET;Beverages
a0d61000000OEEVAA4;DeltaComp Medium Springs PET Big;Beverages
a0d61000000OEEWAA4;DeltaComp Still Water PET;Beverages
a0d61000000OEEXAA4;GammaComp Lo Full Cream;Snacks
a0d61000000OEEYAA4;GammaComp Lo Full Cream with Nuts;Snacks
a0d61000000OEEZAA4;GammaComp Still Water;Beverages
a0d61000000OEEaAAO;GammaComp Lo Still Water PET;Beverages
a0d61000000OEEbAAO;GammaComp Medium Springs PET Big;Beverages
a0d61000000OEEcAAO;GammaComp Still Water PET;Beverages
a0d61000000OEEdAAO;GammaComp Springs;Beverages
a0d61000000OEDhAAO;Silence in a Can;Beverages
a0d61000000OEDiAAO;Lower Springs PET;Beverages
a0d61000000OEDjAAO;Lower Springs PET Big;Beverages
a0d61000000OEDkAAO;LS Absolut Non-Carbonated PET;Beverages
a0d61000000OEDlAAO;LS Silence in a Can;Beverages
a0d61000000OEDmAAO;Java Cacao;Snacks
a0d61000000OEDnAAO;New Guinea Cacao;Snacks
a0d61000000OEDgAAO;Absolute Silence Small;Beverages
